﻿<?xml version="1.0" encoding="UTF-8" standalone="yes"?>
<addon id="plugin.video.zonilmu"
       name="[B][COLOR white]*[/COLOR][COLOR yellow]Z[/COLOR][COLOR lawngreen]on[/COLOR][COLOR yellow]I[/COLOR][COLOR lawngreen]lmu[/COLOR][/B]"
       version="1.0.8"
       provider-name="Zenor">
  <requires>
    <import addon="xbmc.python" version="2.1.0"/>
    <import addon="script.module.beautifulsoup" version="3.2.1"/>
    <import addon="script.module.simple.downloader" version="0.9.4"/>
    <import addon="script.module.beautifulsoup4" />
    <import addon="script.module.requests" />
    <import addon="script.module.httplib2" />
    <import addon="script.module.liveresolver" version="0.1.24" optional="true"/>
    <import addon="script.module.youtube.dl" optional="true"/>
    <import addon="plugin.video.youtube" optional="true" />
    <import addon="script.module.urlresolver" optional="true"/>
    <import addon="script.module.simplejson" />    
     <import addon="script.module.livestreamer" optional="true"/>
     <import addon="script.module.pyamf" optional="true"/>
     <import addon="script.module.addon.common" optional="true"/>
  </requires>
  <extension point="xbmc.python.pluginsource" library="default.py">
    <provides>video</provides>
  </extension>
  <extension point="xbmc.addon.metadata">
    <summary>[B][COLOR greenyellow]Dengar | Amal | Sebarkan[/COLOR][/B]</summary>
    <description>Bismillahirrahmanirrahim
بَلِّغُوا عَنِّى وَلَوْ آيَةً
“Sampaikanlah dariku walau hanya satu ayat” (HR. Bukhari)

Alhamdulillah... dengan izin Allah.. Zon Ilmu tertubuh secara tidak sengaja di bawah addon utama KODIM sejak 2015.
Inilah Dakwah Alaf Baru.
Dakwah mengikut peredaraan dan keperluan semasa. :)

Pastikan anda share addon ini!!! :)
dan untuk informasi lebih, boleh Like di page kami di https://www.facebook.com/kodimtheaddon</description>
	<disclaimer>Addon ini adalah PERCUMA. Kompilasi video daripada sumber YouTube dan FB yang disusun secara teratur bagi memudahkan tontonan.</disclaimer>
    <platform>all</platform>
  </extension>
</addon>