<?xml version="1.0" encoding="UTF-8" standalone="yes"?>
<addon id="repository.al-ilm" version="2017.11.20" name="Al-Ilm Repository" provider-name="Al-Ilm">
	<requires>
		<import addon="xbmc.python" version="2.19.0" />
	</requires>
	<extension point="xbmc.addon.repository" name="Al-Ilm Repository">
		<dir minversion="14.0.0">
			<info compressed="false">https://raw.githubusercontent.com/zennor6275/AL-ILM/master/kodirepo/addons.xml</info>
			<checksum>https://raw.githubusercontent.com/zennor6275/AL-ILM/master/kodirepo/addons.xml.md5</checksum>
			<datadir zip="true">https://raw.githubusercontent.com/zennor6275/AL-ILM/master/kodirepo/</datadir>
		</dir>
	</extension>
	<extension point="xbmc.addon.metadata">
    <summary>Alhamdulillah</summary>
    <description></description>
	<disclaimer></disclaimer>
    <platform>all</platform>
	<news></news>
			<assets>
			<icon>icon.png</icon>
			<fanart>fanart.jpg</fanart>
		</assets>
  </extension>
</addon>