<?xml version="1.0" encoding="UTF-8" standalone="yes"?>
<addon id="repository.zonilmu" version="2017.09.1" name="[B][COLOR yellow]Z[/COLOR][COLOR lawngreen]on[/COLOR][COLOR yellow]I[/COLOR][COLOR lawngreen]lmu[/COLOR][/B] Repository" provider-name="Zenor - KODIM">
	<requires>
		<import addon="xbmc.python" version="2.19.0" />
	</requires>
	<extension point="xbmc.addon.repository" name="[B][COLOR yellow]Z[/COLOR][COLOR lawngreen]on[/COLOR][COLOR yellow]I[/COLOR][COLOR lawngreen]lmu[/COLOR][/B] Repository">
		<dir minversion="14.0.0">
			<info compressed="false">https://raw.githubusercontent.com/zennor6275/ZONILMU/master/kodirepo/addons.xml</info>
			<checksum>https://raw.githubusercontent.com/zennor6275/ZONILMU/master/kodirepo/addons.xml.md5</checksum>
			<datadir zip="true">https://raw.githubusercontent.com/zennor6275/ZONILMU/master/kodirepo/</datadir>
		</dir>
	</extension>
	<extension point="xbmc.addon.metadata">
    <summary>[B][COLOR greenyellow]Dengar | Amal | Sebarkan[/COLOR][/B]</summary>
    <description>Bismillahirrahmanirrahim

[B][COLOR yellow]“Sampaikanlah dariku walau hanya satu ayat” (HR. Bukhari)[/COLOR][/B]

Alhamdulillah... dengan izin Allah.. ZonIlmu tertubuh secara tidak sengaja di bawah addon utama [B][COLOR yellow]KODIM[/COLOR][/B] sejak 2016. Inilah Dakwah Alaf Baru. Dakwah mengikut peredaraan dan keperluan semasa. :)

Diharapkan dengan ada saluran Islamik seperti ini dapat lagi memberi ilmu, manfaat dan kesedaran kepada penonton dan seterusnya menghidupkan dakwah Baginda. TAKBIR !!!

[B][COLOR yellow]"Barangsiapa yang menempuh suatu jalan untuk mencari ilmu (syar'i), Allah akan memudahkan baginya dengan ilmu tersebut, jalan menuju surga." - [HR. Muslim][/COLOR][/B]

ZonIlmu hanyalah sebagai medium perantara dan jalan alternatif dalam menuntut ilmu, bukan jalan yang utama. Kami menggalakkan para penuntut ilmu untuk menghadiri majlis ilmu dimana sahaja anda berada, kerana disitu lebih afdal dan terdapat barakah. Wallahu ta'ala a'lam.

Pastikan anda share addon ini!!! :)

@Semua Hak cipta adalah milik Allah</description>
	<disclaimer>Addon ZonIlmu adalah PERCUMA dan boleh dimuat turun di [B][COLOR yellow]http://bit.ly/ZonIlmuRepo[/COLOR][/B] 
	Sekiranya addon ini bermanfaat, kami mengalu-alukan para sahabat semua bersama-sama menjayakannya</disclaimer>
    <platform>all</platform>
	<news>04.11.2017 - Kandungan ZONILMU telah dikemaskini. Harap maklum</news>
			<assets>
			<icon>zonilmu.png</icon>
			<fanart>fanart.jpg</fanart>
			<screenshot>resources/screenshots/01.jpg</screenshot>
			<screenshot>resources/screenshots/02.jpg</screenshot>
			<screenshot>resources/screenshots/03.jpg</screenshot>
		</assets>
  </extension>
</addon>