<?xml version="1.0" encoding="UTF-8" standalone="yes"?>
<addon id="repository.zonilmu" version="2017.09.1" name="ZONILMU repository" provider-name="Zenor">
	<requires>
		<import addon="xbmc.python" version="2.19.0" />
	</requires>
	<extension point="xbmc.addon.repository" name="ZONILMU repository">
		<dir minversion="14.0.0">
			<info compressed="false">https://raw.githubusercontent.com/zennor6275/ZONILMU/master/kodirepo/addons.xml</info>
			<checksum>https://raw.githubusercontent.com/zennor6275/ZONILMU/master/kodirepo/addons.xml.md5</checksum>
			<datadir zip="true">https://raw.githubusercontent.com/zennor6275/ZONILMU/master/kodirepo/</datadir>
		</dir>
	</extension>
	<extension point="xbmc.addon.metadata">
    <summary>[B][COLOR greenyellow]Dengar | Amal | Sebarkan[/COLOR][/B]</summary>
    <description>Bismillahirrahmanirrahim

[B][COLOR yellow]“Sampaikanlah dariku walau hanya satu ayat” (HR. Bukhari)[/COLOR][/B]

Alhamdulillah... dengan izin Allah.. ZonIlmu tertubuh secara tidak sengaja di bawah addon utama [B][COLOR yellow]KODIM[/COLOR][/B] sejak 2015. Inilah Dakwah Alaf Baru. Dakwah mengikut peredaraan dan keperluan semasa. :)

Diharapkan dengan ada saluran Islamik seperti ini dapat lagi memberi ilmu, manfaat dan kesedaran kepada penonton dan seterusnya menghidupkan dakwah Baginda. TAKBIR !!!

[B][COLOR yellow]"Barangsiapa yang menempuh suatu jalan untuk mencari ilmu (syar'i), Allah akan memudahkan baginya dengan ilmu tersebut, jalan menuju surga." - [HR. Muslim][/COLOR][/B]

ZonIlmu hanyalah sebagai medium perantara dan jalan alternatif dalam menuntut ilmu, bukan jalan yang utama. Kami menggalakkan para penuntut ilmu untuk menghadiri majlis ilmu dimana sahaja anda berada, kerana disitu lebih afdal dan terdapat barakah. Wallahu ta'ala a'lam.

Pastikan anda share addon ini!!! :) dan untuk informasi lebih, boleh Like di page kami di https://www.facebook.com/kodimtheaddon

@Semua Hak cipta adalah milik Allah</description>
	<disclaimer>Addon ZonIlmu adalah PERCUMA dan kami tidak mengenakan sebarang bayaran untuk perkhidmatan kami. 
	Sekiranya addon ini bermanfaat, kami mengalu-alukan para sahabat semua bersama-sama kami menjayakanya</disclaimer>
    <platform>all</platform>
		<news>Latest Update</news>
		<assets>
			<icon>icon.png</icon>
			<fanart>fanart.jpg</fanart>
		</assets>
	</extension>
</addon>
