<?xml version="1.0" encoding="UTF-8" standalone="yes"?>
<addon id="repository.al-ilm" version="2017.11.19" name="AL-ILM" provider-name="AL-ILM">
	<requires>
		<import addon="xbmc.python" version="2.19.0" />
	</requires>
	<extension point="xbmc.addon.repository" name="[B][COLOR yellow]Z[/COLOR][COLOR lawngreen]on[/COLOR][COLOR yellow]I[/COLOR][COLOR lawngreen]lmu[/COLOR][/B] Repository">
		<dir minversion="14.0.0">
			<info compressed="false">https://raw.githubusercontent.com/zennor6275/AL-ILM/master/kodirepo/addons.xml</info>
			<checksum>https://raw.githubusercontent.com/zennor6275/AL-ILM/master/kodirepo/addons.xml.md5</checksum>
			<datadir zip="true">https://raw.githubusercontent.com/zennor6275/AL-ILM/master/kodirepo/</datadir>
		</dir>
	</extension>
  <extension point="xbmc.python.pluginsource" library="default.py">
    <provides>video</provides>
  </extension>
  <extension point="xbmc.addon.metadata">
    <summary>AL-ILM  - </summary>
    <description>     
    </description>
    <platform>all</platform>
  </extension>
</addon>