<?xml version="1.0" encoding="UTF-8" standalone="yes"?>
<addon id="repository.zonilmu" version="2017.08.31" name="ZONILMU repository" provider-name="Zenor">
	<requires>
		<import addon="xbmc.python" version="2.19.0" />
	</requires>
	<extension point="xbmc.addon.repository" name="ZONILMU repository">
		<dir minversion="14.0.0">
			<info compressed="false">https://raw.githubusercontent.com/zennor6275/ZONILMU/master/kodirepo/addons.xml</info>
			<checksum>https://raw.githubusercontent.com/zennor6275/ZONILMU/master/kodirepo/addons.xml.md5</checksum>
			<datadir zip="true">https://raw.githubusercontent.com/zennor6275/ZONILMU/master/kodirepo/</datadir>
		</dir>
	</extension>
	<extension point="xbmc.addon.metadata">
    <summary>[B][COLOR greenyellow]Dengar | Amal | Sebarkan[/COLOR][/B]</summary>
    <description>Bismillahirrahmanirrahim
بَلِّغُوا عَنِّى وَلَوْ آيَةً
“Sampaikanlah dariku walau hanya satu ayat” (HR. Bukhari)

Alhamdulillah... dengan izin Allah.. Zon Ilmu tertubuh secara tidak sengaja di bawah addon utama KODIM sejak 2015.
Inilah Dakwah Alaf Baru.
Dakwah mengikut peredaraan dan keperluan semasa. :)

Pastikan anda share addon ini!!! :)
dan untuk informasi lebih, boleh Like di page kami di https://www.facebook.com/kodimtheaddon</description>
	<disclaimer>Addon ini adalah PERCUMA. Kompilasi video daripada sumber YouTube dan FB yang disusun secara teratur bagi memudahkan tontonan.</disclaimer>
    <platform>all</platform>
		<news>Latest Update</news>
		<assets>
			<icon>icon.png</icon>
			<fanart>fanart.jpg</fanart>
		</assets>
	</extension>
</addon>
